Photographer,Photo URL,License,Taken Date,Upload Date,Views,Comments,Title,Description,Tags
TaranRampersad,https://www.flickr.com/photos/knowprose/4439768834/,(c) All Rights Reserved,Tue Mar 16 04:02:32 GMT-0400 2010,Tue Mar 16 21:08:20 GMT-0400 2010,"Latitude:10.233251, Longitude:-61.496143",429,+---------+,+---------------+,+--------+
TaranRampersad,https://www.flickr.com/photos/knowprose/3979307603/,(c) All Rights Reserved,Sat Oct 3 04:03:31 GMT-0400 2009,Sun Oct 4 08:17:30 GMT-0400 2009,"Latitude:10.652257, Longitude:-61.483440",199,+---------+,+---------------+,+--------+
TaranRampersad,https://www.flickr.com/photos/knowprose/3979308603/,(c) All Rights Reserved,Sat Oct 3 04:36:07 GMT-0400 2009,Sun Oct 4 08:18:02 GMT-0400 2009,"Latitude:10.652257, Longitude:-61.483440",248,+---------+,+---------------+,+--------+
TaranRampersad,https://www.flickr.com/photos/knowprose/3979309667/,(c) All Rights Reserved,Sat Oct 3 04:36:11 GMT-0400 2009,Sun Oct 4 08:18:33 GMT-0400 2009,"Latitude:10.652257, Longitude:-61.483440",263,+---------+,+---------------+,+--------+
TaranRampersad,https://www.flickr.com/photos/knowprose/3980066414/,(c) All Rights Reserved,Sat Oct 3 04:02:40 GMT-0400 2009,Sun Oct 4 08:16:38 GMT-0400 2009,"Latitude:10.652257, Longitude:-61.483440",133,+---------+,+---------------+,+--------+
TaranRampersad,https://www.flickr.com/photos/knowprose/3980067178/,(c) All Rights Reserved,Sat Oct 3 04:02:43 GMT-0400 2009,Sun Oct 4 08:17:03 GMT-0400 2009,"Latitude:10.652257, Longitude:-61.483440",278,+---------+,+---------------+,+--------+
TaranRampersad,https://www.flickr.com/photos/knowprose/2412871977/,(c) All Rights Reserved,Sun Apr 13 21:56:28 GMT-0400 2008,Mon Apr 14 10:10:31 GMT-0400 2008,"Latitude:10.264586, Longitude:-61.462669",240,+---------+,+---------------+,
TaranRampersad,https://www.flickr.com/photos/knowprose/2412875551/,(c) All Rights Reserved,Sun Apr 13 21:57:01 GMT-0400 2008,Mon Apr 14 10:12:28 GMT-0400 2008,"Latitude:10.264586, Longitude:-61.462669",535,+---------+,+---------------+,
TaranRampersad,https://www.flickr.com/photos/knowprose/2413699670/,(c) All Rights Reserved,Sun Apr 13 21:56:42 GMT-0400 2008,Mon Apr 14 10:11:29 GMT-0400 2008,"Latitude:10.264586, Longitude:-61.462669",299,+---------+,+---------------+,
TaranRampersad,https://www.flickr.com/photos/knowprose/5932233646/,(c) All Rights Reserved,Tue Jul 12 17:50:00 GMT-0400 2011,Tue Jul 12 20:50:00 GMT-0400 2011,111,0,"'Der Gefangene' by Nikolaj Alexandrowitsch Jaroschenko, Remixed.","Derivation of public domain image as found <a href=""http://en.wikiquote.org/wiki/File:Nikolaj_Alexandrowitsch_Jaroschenko_002.jpg"" rel=""nofollow"">here</a>. All hail Gimp.","remix ""Nikolaj Alexandrowitsch Jaroschenko"" ""Der Gefangene"" Gimp"
TaranRampersad,https://www.flickr.com/photos/knowprose/104449798/,(c) All Rights Reserved,Sat Feb 25 15:31:44 GMT-0500 2006,Sat Feb 25 22:21:21 GMT-0500 2006,"Latitude:10.264586, Longitude:-61.462669",56,+---------+,+---------------+,+--------+
TaranRampersad,https://www.flickr.com/photos/knowprose/5816950508/,(c) All Rights Reserved,Thu Jun 9 12:09:07 GMT-0400 2011,Thu Jun 9 21:07:28 GMT-0400 2011,72,0,'Strong' Painting,"Of course, he smiled so there are some ghost teeth in there...","HDR ""Rampersad's General Electrical Engineering Ltd"" ""San Fernando"" Trinidad ""Trinidad and Tobago"" ""West Indies"" ""Motor Rewinding"""
TaranRampersad,https://www.flickr.com/photos/knowprose/2804995495/,(c) All Rights Reserved,Wed Aug 27 15:19:48 GMT-0400 2008,Thu Aug 28 07:20:31 GMT-0400 2008,"Latitude:10.419611, Longitude:-61.415805",310,+---------+,+---------------+,+--------+
TaranRampersad,https://www.flickr.com/photos/knowprose/19968463558/,(c) All Rights Reserved,Tue Jul 7 05:23:38 GMT-0400 2015,Thu Jul 30 20:56:37 GMT-0400 2015,0,0,001,(no description),(no tags
TaranRampersad,https://www.flickr.com/photos/knowprose/21794187876/,(c) All Rights Reserved,Sun Sep 20 06:52:23 GMT-0400 2015,Tue Sep 29 17:16:37 GMT-0400 2015,0,0,001,(no description),(no tags
TaranRampersad,https://www.flickr.com/photos/knowprose/22120184585/,(c) All Rights Reserved,Sun Oct 4 07:34:45 GMT-0400 2015,Mon Oct 12 19:35:52 GMT-0400 2015,0,0,001,(no description),(no tags
TaranRampersad,https://www.flickr.com/photos/knowprose/21795057026/,(c) All Rights Reserved,Sun Sep 20 06:52:23 GMT-0400 2015,Tue Sep 29 18:00:42 GMT-0400 2015,0,0,001_2_3_4_5Enhancer,(no description),(no tags
TaranRampersad,https://www.flickr.com/photos/knowprose/4720523071/,(c) All Rights Reserved,Sun Jun 20 04:11:03 GMT-0400 2010,Mon Jun 21 10:15:08 GMT-0400 2010,"Latitude:18.433364, Longitude:-69.954757",40,+---------+,+---------------+,+--------+
TaranRampersad,https://www.flickr.com/photos/knowprose/9006033953/,(c) All Rights Reserved,Sat Jun 8 12:42:28 GMT-0400 2013,Mon Jun 10 09:54:56 GMT-0400 2013,34,0,001,(no description),"""New Smyrna Beach"" Florida"
TaranRampersad,https://www.flickr.com/photos/knowprose/20148499012/,(c) All Rights Reserved,Tue Jul 7 05:23:49 GMT-0400 2015,Thu Jul 30 20:58:19 GMT-0400 2015,0,0,002,(no description),(no tags
TaranRampersad,https://www.flickr.com/photos/knowprose/21497355364/,(c) All Rights Reserved,Sun Oct 4 07:34:45 GMT-0400 2015,Mon Oct 12 19:36:17 GMT-0400 2015,0,0,002,(no description),(no tags
TaranRampersad,https://www.flickr.com/photos/knowprose/21633451058/,(c) All Rights Reserved,Sun Sep 20 06:52:23 GMT-0400 2015,Tue Sep 29 18:08:05 GMT-0400 2015,0,0,002,(no description),(no tags
TaranRampersad,https://www.flickr.com/photos/knowprose/4721173476/,(c) All Rights Reserved,Sun Jun 20 04:11:07 GMT-0400 2010,Mon Jun 21 10:15:19 GMT-0400 2010,"Latitude:18.433364, Longitude:-69.954757",26,+---------+,+---------------+,+--------+
TaranRampersad,https://www.flickr.com/photos/knowprose/5875947741/,(c) All Rights Reserved,Sun Jun 26 08:20:04 GMT-0400 2011,Mon Jun 27 04:38:47 GMT-0400 2011,54,0,002,(no description),"""quiscalus lugubris"" ""carib grackle"" Blanchisseuse Trinidad ""Trinidad and Tobago"" ""laguna mar"" Caribbean ""West Indies"""
TaranRampersad,https://www.flickr.com/photos/knowprose/9007216580/,(c) All Rights Reserved,Sun Jun 9 06:21:08 GMT-0400 2013,Mon Jun 10 09:55:18 GMT-0400 2013,36,0,002,(no description),"""New Smyrna Beach"" Florida"
TaranRampersad,https://www.flickr.com/photos/knowprose/20156608675/,(c) All Rights Reserved,Tue Jul 7 05:24:09 GMT-0400 2015,Thu Jul 30 20:59:24 GMT-0400 2015,0,0,003,(no description),(no tags
TaranRampersad,https://www.flickr.com/photos/knowprose/21632304760/,(c) All Rights Reserved,Sun Sep 20 06:52:23 GMT-0400 2015,Tue Sep 29 17:17:40 GMT-0400 2015,0,0,003,(no description),(no tags
TaranRampersad,https://www.flickr.com/photos/knowprose/21932015430/,(c) All Rights Reserved,Sun Oct 4 07:34:45 GMT-0400 2015,Mon Oct 12 19:36:43 GMT-0400 2015,0,0,003,(no description),(no tags
TaranRampersad,https://www.flickr.com/photos/knowprose/20148540082/,(c) All Rights Reserved,Tue Jul 7 05:24:18 GMT-0400 2015,Thu Jul 30 21:00:23 GMT-0400 2015,0,0,004,(no description),(no tags
TaranRampersad,https://www.flickr.com/photos/knowprose/2056504832/,(c) All Rights Reserved,Thu Nov 22 00:04:02 GMT-0500 2007,Thu Nov 22 22:19:59 GMT-0500 2007,"Latitude:27.784416, Longitude:-82.663536",17,+---------+,+---------------+,+--------+
TaranRampersad,https://www.flickr.com/photos/knowprose/21504022194/,(c) All Rights Reserved,Sun Oct 4 07:34:45 GMT-0400 2015,Tue Oct 13 01:22:22 GMT-0400 2015,0,0,004,(no description),(no tags
TaranRampersad,https://www.flickr.com/photos/knowprose/21829892601/,(c) All Rights Reserved,Sun Sep 20 06:52:23 GMT-0400 2015,Tue Sep 29 17:18:10 GMT-0400 2015,0,0,004,(no description),(no tags
TaranRampersad,https://www.flickr.com/photos/knowprose/4721173938/,(c) All Rights Reserved,Sun Jun 20 04:11:18 GMT-0400 2010,Mon Jun 21 10:15:30 GMT-0400 2010,"Latitude:18.433364, Longitude:-69.954757",18,+---------+,+---------------+,+--------+
TaranRampersad,https://www.flickr.com/photos/knowprose/5876508936/,(c) All Rights Reserved,Sun Jun 26 08:23:10 GMT-0400 2011,Mon Jun 27 04:39:04 GMT-0400 2011,310,0,004,(no description),"""Ramphocelus Carbo"" ""Silver beak tanager"" ""Silver beaked tanager"" Blanchisseuse Trinidad ""Trinidad and Tobago"" ""laguna mar"" Caribbean ""West Indies"""
TaranRampersad,https://www.flickr.com/photos/knowprose/2056506396/,(c) All Rights Reserved,Thu Nov 22 00:04:09 GMT-0500 2007,Thu Nov 22 22:20:55 GMT-0500 2007,"Latitude:27.784416, Longitude:-82.663536",20,+---------+,+---------------+,+--------+
TaranRampersad,https://www.flickr.com/photos/knowprose/21197608954/,(c) All Rights Reserved,Sun Sep 20 06:52:23 GMT-0400 2015,Tue Sep 29 17:18:39 GMT-0400 2015,0,0,005,(no description),(no tags
TaranRampersad,https://www.flickr.com/photos/knowprose/21502072754/,(c) All Rights Reserved,Sun Oct 4 07:34:45 GMT-0400 2015,Mon Oct 12 23:35:20 GMT-0400 2015,0,0,005,(no description),(no tags
TaranRampersad,https://www.flickr.com/photos/knowprose/5875948703/,(c) All Rights Reserved,Sun Jun 26 08:23:31 GMT-0400 2011,Mon Jun 27 04:39:19 GMT-0400 2011,214,0,005,(no description),"""Ramphocelus Carbo"" ""Silver beak tanager"" ""Silver beaked tanager"" Blanchisseuse Trinidad ""Trinidad and Tobago"" ""laguna mar"" Caribbean ""West Indies"""
TaranRampersad,https://www.flickr.com/photos/knowprose/20156658675/,(c) All Rights Reserved,Tue Jul 7 05:27:05 GMT-0400 2015,Thu Jul 30 21:01:55 GMT-0400 2015,0,0,006,(no description),(no tags
TaranRampersad,https://www.flickr.com/photos/knowprose/2055722693/,(c) All Rights Reserved,Thu Nov 22 00:04:17 GMT-0500 2007,Thu Nov 22 22:21:38 GMT-0500 2007,"Latitude:27.784416, Longitude:-82.663536",19,+---------+,+---------------+,+--------+
TaranRampersad,https://www.flickr.com/photos/knowprose/21633496589/,(c) All Rights Reserved,Sun Sep 20 06:52:29 GMT-0400 2015,Tue Sep 29 17:19:07 GMT-0400 2015,0,0,006,(no description),(no tags
TaranRampersad,https://www.flickr.com/photos/knowprose/22107669902/,(c) All Rights Reserved,Sun Oct 4 07:34:53 GMT-0400 2015,Mon Oct 12 19:38:09 GMT-0400 2015,0,0,006,(no description),(no tags
TaranRampersad,https://www.flickr.com/photos/knowprose/20162273231/,(c) All Rights Reserved,Tue Jul 7 05:27:13 GMT-0400 2015,Thu Jul 30 21:03:50 GMT-0400 2015,0,0,007,(no description),(no tags
TaranRampersad,https://www.flickr.com/photos/knowprose/2056508828/,(c) All Rights Reserved,Thu Nov 22 00:04:19 GMT-0500 2007,Thu Nov 22 22:22:20 GMT-0500 2007,"Latitude:27.784416, Longitude:-82.663536",17,+---------+,+---------------+,+--------+
TaranRampersad,https://www.flickr.com/photos/knowprose/21197627664/,(c) All Rights Reserved,Sun Sep 20 06:52:29 GMT-0400 2015,Tue Sep 29 17:19:33 GMT-0400 2015,0,0,007,(no description),(no tags
TaranRampersad,https://www.flickr.com/photos/knowprose/21503798853/,(c) All Rights Reserved,Sun Oct 4 07:34:53 GMT-0400 2015,Mon Oct 12 23:35:42 GMT-0400 2015,0,0,007,(no description),(no tags
TaranRampersad,https://www.flickr.com/photos/knowprose/19535743003/,(c) All Rights Reserved,Tue Jul 7 05:27:21 GMT-0400 2015,Thu Jul 30 21:05:24 GMT-0400 2015,0,0,008,(no description),(no tags
TaranRampersad,https://www.flickr.com/photos/knowprose/2055725411/,(c) All Rights Reserved,Thu Nov 22 00:04:25 GMT-0500 2007,Thu Nov 22 22:23:18 GMT-0500 2007,"Latitude:27.784416, Longitude:-82.663536",13,+---------+,+---------------+,+--------+
TaranRampersad,https://www.flickr.com/photos/knowprose/21499125393/,(c) All Rights Reserved,Sun Oct 4 07:34:53 GMT-0400 2015,Mon Oct 12 19:38:59 GMT-0400 2015,0,0,008,(no description),(no tags
TaranRampersad,https://www.flickr.com/photos/knowprose/21632509308/,(c) All Rights Reserved,Sun Sep 20 06:52:29 GMT-0400 2015,Tue Sep 29 17:20:00 GMT-0400 2015,0,0,008,(no description),(no tags
TaranRampersad,https://www.flickr.com/photos/knowprose/5876509832/,(c) All Rights Reserved,Sun Jun 26 08:27:28 GMT-0400 2011,Mon Jun 27 04:39:34 GMT-0400 2011,220,0,008,(no description),"""Ramphocelus Carbo"" ""Silver beak tanager"" ""Silver beaked tanager"" Blanchisseuse Trinidad ""Trinidad and Tobago"" ""laguna mar"" Caribbean ""West Indies"""
TaranRampersad,https://www.flickr.com/photos/knowprose/20162333271/,(c) All Rights Reserved,Tue Jul 7 05:27:39 GMT-0400 2015,Thu Jul 30 21:06:53 GMT-0400 2015,0,0,009,(no description),(no tags
TaranRampersad,https://www.flickr.com/photos/knowprose/2056514358/,(c) All Rights Reserved,Thu Nov 22 00:04:32 GMT-0500 2007,Thu Nov 22 22:25:25 GMT-0500 2007,"Latitude:27.784416, Longitude:-82.663536",8,+---------+,+---------------+,+--------+
TaranRampersad,https://www.flickr.com/photos/knowprose/21633522379/,(c) All Rights Reserved,Sun Sep 20 06:52:29 GMT-0400 2015,Tue Sep 29 17:20:23 GMT-0400 2015,0,0,009,(no description),(no tags
TaranRampersad,https://www.flickr.com/photos/knowprose/21932064290/,(c) All Rights Reserved,Sun Oct 4 07:34:54 GMT-0400 2015,Mon Oct 12 19:39:22 GMT-0400 2015,0,0,009,(no description),(no tags
TaranRampersad,https://www.flickr.com/photos/knowprose/5876510286/,(c) All Rights Reserved,Sun Jun 26 08:27:34 GMT-0400 2011,Mon Jun 27 04:39:48 GMT-0400 2011,213,0,009,(no description),"""Ramphocelus Carbo"" ""Silver beak tanager"" ""Silver beaked tanager"" Blanchisseuse Trinidad ""Trinidad and Tobago"" ""laguna mar"" Caribbean ""West Indies"""
TaranRampersad,https://www.flickr.com/photos/knowprose/2055731575/,(c) All Rights Reserved,Thu Nov 22 00:04:35 GMT-0500 2007,Thu Nov 22 22:26:47 GMT-0500 2007,"Latitude:27.784416, Longitude:-82.663536",12,+---------+,+---------------+,+--------+
TaranRampersad,https://www.flickr.com/photos/knowprose/21497421114/,(c) All Rights Reserved,Sun Oct 4 07:34:54 GMT-0400 2015,Mon Oct 12 19:39:47 GMT-0400 2015,0,0,010,(no description),(no tags
TaranRampersad,https://www.flickr.com/photos/knowprose/21632370050/,(c) All Rights Reserved,Sun Sep 20 06:52:29 GMT-0400 2015,Tue Sep 29 17:20:53 GMT-0400 2015,0,0,010,(no description),(no tags
TaranRampersad,https://www.flickr.com/photos/knowprose/4249160773/,(c) All Rights Reserved,Tue Jan 5 01:09:18 GMT-0500 2010,Tue Jan 5 21:19:45 GMT-0500 2010,"Latitude:10.233251, Longitude:-61.496143",28,+---------+,+---------------+,+--------+
TaranRampersad,https://www.flickr.com/photos/knowprose/4983962297/,(c) All Rights Reserved,Sat Sep 11 05:03:00 GMT-0400 2010,Sun Sep 12 18:35:01 GMT-0400 2010,34,0,010,(no description),"""Mt Horeb"" Wisconsin"
TaranRampersad,https://www.flickr.com/photos/knowprose/2055733051/,(c) All Rights Reserved,Thu Nov 22 00:04:41 GMT-0500 2007,Thu Nov 22 22:27:44 GMT-0500 2007,"Latitude:27.784416, Longitude:-82.663536",8,+---------+,+---------------+,+--------+
TaranRampersad,https://www.flickr.com/photos/knowprose/21632535378/,(c) All Rights Reserved,Sun Sep 20 06:52:39 GMT-0400 2015,Tue Sep 29 17:21:19 GMT-0400 2015,0,0,011,(no description),(no tags
TaranRampersad,https://www.flickr.com/photos/knowprose/22114390872/,(c) All Rights Reserved,Sun Oct 4 07:35:00 GMT-0400 2015,Tue Oct 13 01:27:31 GMT-0400 2015,0,0,011,(no description),(no tags
TaranRampersad,https://www.flickr.com/photos/knowprose/21830761861/,(c) All Rights Reserved,Sun Sep 20 06:52:39 GMT-0400 2015,Tue Sep 29 18:01:54 GMT-0400 2015,0,0,011_2_3_4_5Enhancer,(no description),(no tags
TaranRampersad,https://www.flickr.com/photos/knowprose/4249936270/,(c) All Rights Reserved,Tue Jan 5 01:09:21 GMT-0500 2010,Tue Jan 5 21:20:26 GMT-0500 2010,"Latitude:10.233251, Longitude:-61.496143",25,+---------+,+---------------+,+--------+
TaranRampersad,https://www.flickr.com/photos/knowprose/21632386220/,(c) All Rights Reserved,Sun Sep 20 06:52:39 GMT-0400 2015,Tue Sep 29 17:21:43 GMT-0400 2015,0,0,012,(no description),(no tags
TaranRampersad,https://www.flickr.com/photos/knowprose/21932388798/,(c) All Rights Reserved,Sun Oct 4 07:35:00 GMT-0400 2015,Mon Oct 12 19:40:40 GMT-0400 2015,0,0,012,(no description),(no tags
TaranRampersad,https://www.flickr.com/photos/knowprose/4983965981/,(c) All Rights Reserved,Sat Sep 11 05:07:46 GMT-0400 2010,Sun Sep 12 18:36:09 GMT-0400 2010,41,0,012,Interesting array of signs. And apparently the Community Building is for rent. :-),"""Mt Horeb"" Wisconsin signs"
TaranRampersad,https://www.flickr.com/photos/knowprose/2056522000/,(c) All Rights Reserved,Thu Nov 22 02:00:00 GMT-0500 2007,Thu Nov 22 22:29:44 GMT-0500 2007,"Latitude:27.784416, Longitude:-82.663536",7,+---------+,+---------------+,+--------+
TaranRampersad,https://www.flickr.com/photos/knowprose/21633557799/,(c) All Rights Reserved,Sun Sep 20 06:52:39 GMT-0400 2015,Tue Sep 29 17:22:12 GMT-0400 2015,0,0,013,(no description),(no tags
TaranRampersad,https://www.flickr.com/photos/knowprose/22124941575/,(c) All Rights Reserved,Sun Oct 4 07:35:00 GMT-0400 2015,Mon Oct 12 23:36:34 GMT-0400 2015,0,0,013,(no description),(no tags
TaranRampersad,https://www.flickr.com/photos/knowprose/5863853366/,(c) All Rights Reserved,Thu Jun 23 06:13:36 GMT-0400 2011,Thu Jun 23 12:15:16 GMT-0400 2011,29,0,013,(no description),"""Electrical Times"" 1946 magazine journal"
TaranRampersad,https://www.flickr.com/photos/knowprose/5875951129/,(c) All Rights Reserved,Sun Jun 26 09:01:25 GMT-0400 2011,Mon Jun 27 04:40:42 GMT-0400 2011,54,0,013,(no description),"""quiscalus lugubris"" ""carib grackle"" Blanchisseuse Trinidad ""Trinidad and Tobago"" ""laguna mar"" Caribbean ""West Indies"""
TaranRampersad,https://www.flickr.com/photos/knowprose/2055738831/,(c) All Rights Reserved,Thu Nov 22 02:00:02 GMT-0500 2007,Thu Nov 22 22:31:04 GMT-0500 2007,"Latitude:27.784416, Longitude:-82.663536",7,+---------+,+---------------+,+--------+
TaranRampersad,https://www.flickr.com/photos/knowprose/21794306866/,(c) All Rights Reserved,Sun Sep 20 06:52:40 GMT-0400 2015,Tue Sep 29 17:22:35 GMT-0400 2015,0,0,014,(no description),(no tags
TaranRampersad,https://www.flickr.com/photos/knowprose/21933370179/,(c) All Rights Reserved,Sun Oct 4 07:35:00 GMT-0400 2015,Mon Oct 12 19:41:32 GMT-0400 2015,0,0,014,(no description),(no tags
TaranRampersad,https://www.flickr.com/photos/knowprose/5876512368/,(c) All Rights Reserved,Sun Jun 26 09:01:41 GMT-0400 2011,Mon Jun 27 04:40:57 GMT-0400 2011,22,0,014,(no description),"""Great Kiskedee"" ""Pitangus sulphuratus"" Blanchisseuse Trinidad ""Trinidad and Tobago"" ""laguna mar"" Caribbean ""West Indies"""
TaranRampersad,https://www.flickr.com/photos/knowprose/19406063375/,(c) All Rights Reserved,Tue Jun 2 05:22:00 GMT-0400 2015,Sat Jul 4 09:11:33 GMT-0400 2015,35,0,015,(no description),"Sunrise ""New Smyrna Beach"" beach Florida seaside outdoor sea"
TaranRampersad,https://www.flickr.com/photos/knowprose/2055740539/,(c) All Rights Reserved,Thu Nov 22 02:00:05 GMT-0500 2007,Thu Nov 22 22:31:58 GMT-0500 2007,"Latitude:27.784416, Longitude:-82.663536",7,+---------+,+---------------+,+--------+
TaranRampersad,https://www.flickr.com/photos/knowprose/21199370823/,(c) All Rights Reserved,Sun Sep 20 06:52:40 GMT-0400 2015,Tue Sep 29 17:23:00 GMT-0400 2015,0,0,015,(no description),(no tags
TaranRampersad,https://www.flickr.com/photos/knowprose/21932114280/,(c) All Rights Reserved,Sun Oct 4 07:35:00 GMT-0400 2015,Mon Oct 12 19:41:58 GMT-0400 2015,0,0,015,(no description),(no tags
TaranRampersad,https://www.flickr.com/photos/knowprose/19406050555/,(c) All Rights Reserved,Tue Jun 2 05:22:26 GMT-0400 2015,Sat Jul 4 09:11:34 GMT-0400 2015,34,0,016,(no description),"Sunrise ""New Smyrna Beach"" beach Florida seaside outdoor sea"
TaranRampersad,https://www.flickr.com/photos/knowprose/21633583429/,(c) All Rights Reserved,Sun Sep 20 06:52:53 GMT-0400 2015,Tue Sep 29 17:23:27 GMT-0400 2015,0,0,016,(no description),(no tags
TaranRampersad,https://www.flickr.com/photos/knowprose/5863856924/,(c) All Rights Reserved,Thu Jun 23 06:16:01 GMT-0400 2011,Thu Jun 23 12:16:31 GMT-0400 2011,22,0,016,(no description),(no tags
TaranRampersad,https://www.flickr.com/photos/knowprose/5876513104/,(c) All Rights Reserved,Sun Jun 26 09:02:02 GMT-0400 2011,Mon Jun 27 04:41:18 GMT-0400 2011,53,0,016,(no description),"""quiscalus lugubris"" ""carib grackle"" Blanchisseuse Trinidad ""Trinidad and Tobago"" ""laguna mar"" Caribbean ""West Indies"""
TaranRampersad,https://www.flickr.com/photos/knowprose/18783504894/,(c) All Rights Reserved,Tue Jun 2 05:22:53 GMT-0400 2015,Sat Jul 4 09:11:35 GMT-0400 2015,38,0,017,(no description),"Sunrise ""New Smyrna Beach"" beach Florida seaside outdoor sea"
TaranRampersad,https://www.flickr.com/photos/knowprose/21794332606/,(c) All Rights Reserved,Sun Sep 20 06:52:53 GMT-0400 2015,Tue Sep 29 17:23:52 GMT-0400 2015,0,0,017,(no description),(no tags
TaranRampersad,https://www.flickr.com/photos/knowprose/5863305727/,(c) All Rights Reserved,Thu Jun 23 06:16:17 GMT-0400 2011,Thu Jun 23 12:16:46 GMT-0400 2011,21,0,017,(no description),(no tags
TaranRampersad,https://www.flickr.com/photos/knowprose/5875945205/,(c) All Rights Reserved,Sun Jun 26 09:02:24 GMT-0400 2011,Mon Jun 27 04:37:29 GMT-0400 2011,38,0,017,(no description),"""White lined tanager"" ""tachyphonus rufus"" Blanchisseuse Trinidad ""Trinidad and Tobago"" ""laguna mar"" Caribbean ""West Indies"""
TaranRampersad,https://www.flickr.com/photos/knowprose/10732861526/,(c) All Rights Reserved,Thu Oct 31 13:30:57 GMT-0400 2013,Thu Nov 7 17:55:33 GMT-0500 2013,133,0,018,(no description),(no tags
TaranRampersad,https://www.flickr.com/photos/knowprose/19410167131/,(c) All Rights Reserved,Tue Jun 2 05:23:12 GMT-0400 2015,Sat Jul 4 09:11:35 GMT-0400 2015,34,0,018,(no description),"Sunrise ""New Smyrna Beach"" beach Florida seaside outdoor sea"
TaranRampersad,https://www.flickr.com/photos/knowprose/21632437800/,(c) All Rights Reserved,Sun Sep 20 06:52:53 GMT-0400 2015,Tue Sep 29 17:24:20 GMT-0400 2015,0,0,018,(no description),(no tags
TaranRampersad,https://www.flickr.com/photos/knowprose/5863858832/,(c) All Rights Reserved,Thu Jun 23 06:17:31 GMT-0400 2011,Thu Jun 23 12:17:09 GMT-0400 2011,22,0,018,(no description),(no tags
TaranRampersad,https://www.flickr.com/photos/knowprose/5875945657/,(c) All Rights Reserved,Sun Jun 26 09:02:38 GMT-0400 2011,Mon Jun 27 04:37:43 GMT-0400 2011,33,0,018,(no description),"""White lined tanager"" ""tachyphonus rufus"" Blanchisseuse Trinidad ""Trinidad and Tobago"" ""laguna mar"" Caribbean ""West Indies"""
TaranRampersad,https://www.flickr.com/photos/knowprose/10733085213/,(c) All Rights Reserved,Thu Oct 31 13:31:04 GMT-0400 2013,Thu Nov 7 17:55:47 GMT-0500 2013,133,0,019,(no description),(no tags
TaranRampersad,https://www.flickr.com/photos/knowprose/19219818779/,(c) All Rights Reserved,Tue Jun 2 05:23:28 GMT-0400 2015,Sat Jul 4 09:11:36 GMT-0400 2015,30,0,019,(no description),"Sunrise ""New Smyrna Beach"" beach Florida seaside outdoor sea"
TaranRampersad,https://www.flickr.com/photos/knowprose/21830886121/,(c) All Rights Reserved,Sun Sep 20 06:52:53 GMT-0400 2015,Tue Sep 29 18:08:34 GMT-0400 2015,0,0,019,(no description),(no tags
TaranRampersad,https://www.flickr.com/photos/knowprose/5863307577/,(c) All Rights Reserved,Thu Jun 23 06:18:15 GMT-0400 2011,Thu Jun 23 12:17:24 GMT-0400 2011,22,0,019,(no description),(no tags
TaranRampersad,https://www.flickr.com/photos/knowprose/5876506998/,(c) All Rights Reserved,Sun Jun 26 09:03:25 GMT-0400 2011,Mon Jun 27 04:38:04 GMT-0400 2011,51,0,019,(no description),"""quiscalus lugubris"" ""carib grackle"" Blanchisseuse Trinidad ""Trinidad and Tobago"" ""laguna mar"" Caribbean ""West Indies"""
TaranRampersad,https://www.flickr.com/photos/knowprose/19219810559/,(c) All Rights Reserved,Tue Jun 2 05:23:45 GMT-0400 2015,Sat Jul 4 09:11:37 GMT-0400 2015,31,0,020,(no description),"Sunrise ""New Smyrna Beach"" beach Florida seaside outdoor sea"
TaranRampersad,https://www.flickr.com/photos/knowprose/21808682822/,(c) All Rights Reserved,Sun Sep 20 06:52:53 GMT-0400 2015,Tue Sep 29 17:25:26 GMT-0400 2015,0,0,020,(no description),(no tags
TaranRampersad,https://www.flickr.com/photos/knowprose/4159489621/,(c) All Rights Reserved,Thu Dec 3 01:28:58 GMT-0500 2009,Sat Dec 5 08:10:19 GMT-0500 2009,"Latitude:10.264586, Longitude:-61.462669",44,+---------+,+---------------+,+--------+
TaranRampersad,https://www.flickr.com/photos/knowprose/19406002035/,(c) All Rights Reserved,Sat Jun 6 05:10:31 GMT-0400 2015,Sat Jul 4 09:11:37 GMT-0400 2015,33,0,021,(no description),"Sunrise ""New Smyrna Beach"" beach Florida seaside outdoor sea"
TaranRampersad,https://www.flickr.com/photos/knowprose/2055749891/,(c) All Rights Reserved,Thu Nov 22 02:00:50 GMT-0500 2007,Thu Nov 22 22:37:05 GMT-0500 2007,"Latitude:27.784416, Longitude:-82.663536",8,+---------+,+---------------+,+--------+
TaranRampersad,https://www.flickr.com/photos/knowprose/21632626028/,(c) All Rights Reserved,Sun Sep 20 07:03:43 GMT-0400 2015,Tue Sep 29 17:25:48 GMT-0400 2015,0,0,021,(no description),(no tags
TaranRampersad,https://www.flickr.com/photos/knowprose/8920101596/,(c) All Rights Reserved,Sat Jun 1 15:57:30 GMT-0400 2013,Sun Jun 2 00:12:33 GMT-0400 2013,65,0,021,(no description),"""Ride The Ducks"" ""Wisconsin Dells"" Dells"
TaranRampersad,https://www.flickr.com/photos/knowprose/2056537210/,(c) All Rights Reserved,Thu Nov 22 02:00:52 GMT-0500 2007,Thu Nov 22 22:37:54 GMT-0500 2007,"Latitude:27.784416, Longitude:-82.663536",4,+---------+,+---------------+,+--------+
TaranRampersad,https://www.flickr.com/photos/knowprose/2076758940/,(c) All Rights Reserved,Fri Nov 30 00:17:25 GMT-0500 2007,Fri Nov 30 15:55:36 GMT-0500 2007,"Latitude:10.264586, Longitude:-61.462669",40,+---------+,+---------------+,+--------+
TaranRampersad,https://www.flickr.com/photos/knowprose/21199437103/,(c) All Rights Reserved,Sun Sep 20 07:03:43 GMT-0400 2015,Tue Sep 29 17:26:16 GMT-0400 2015,0,0,022,(no description),(no tags
TaranRampersad,https://www.flickr.com/photos/knowprose/5875946837/,(c) All Rights Reserved,Sun Jun 26 09:05:04 GMT-0400 2011,Mon Jun 27 04:38:18 GMT-0400 2011,52,0,022,(no description),"""quiscalus lugubris"" ""carib grackle"" Blanchisseuse Trinidad ""Trinidad and Tobago"" ""laguna mar"" Caribbean ""West Indies"""
TaranRampersad,https://www.flickr.com/photos/knowprose/8920102902/,(c) All Rights Reserved,Sat Jun 1 15:57:39 GMT-0400 2013,Sun Jun 2 00:12:44 GMT-0400 2013,73,0,022,(no description),"""Ride The Ducks"" ""Wisconsin Dells"" Dells"
TaranRampersad,https://www.flickr.com/photos/knowprose/19410116271/,(c) All Rights Reserved,Sat Jun 6 05:11:43 GMT-0400 2015,Sat Jul 4 09:11:38 GMT-0400 2015,33,0,023,(no description),"Sunrise ""New Smyrna Beach"" beach Florida seaside outdoor sea"
TaranRampersad,https://www.flickr.com/photos/knowprose/2056538982/,(c) All Rights Reserved,Thu Nov 22 02:01:01 GMT-0500 2007,Thu Nov 22 22:38:50 GMT-0500 2007,"Latitude:27.784416, Longitude:-82.663536",9,+---------+,+---------------+,+--------+
TaranRampersad,https://www.flickr.com/photos/knowprose/21808708472/,(c) All Rights Reserved,Sun Sep 20 07:03:43 GMT-0400 2015,Tue Sep 29 17:26:42 GMT-0400 2015,0,0,023,(no description),(no tags
TaranRampersad,https://www.flickr.com/photos/knowprose/5875947265/,(c) All Rights Reserved,Sun Jun 26 09:05:25 GMT-0400 2011,Mon Jun 27 04:38:32 GMT-0400 2011,48,0,023,(no description),"""quiscalus lugubris"" ""carib grackle"" Blanchisseuse Trinidad ""Trinidad and Tobago"" ""laguna mar"" Caribbean ""West Indies"""
TaranRampersad,https://www.flickr.com/photos/knowprose/8919488897/,(c) All Rights Reserved,Sat Jun 1 15:57:48 GMT-0400 2013,Sun Jun 2 00:12:59 GMT-0400 2013,61,0,023,(no description),"""Ride The Ducks"" ""Wisconsin Dells"" Dells"
TaranRampersad,https://www.flickr.com/photos/knowprose/19219763189/,(c) All Rights Reserved,Sat Jun 6 05:11:52 GMT-0400 2015,Sat Jul 4 09:11:39 GMT-0400 2015,33,0,024,(no description),"Sunrise ""New Smyrna Beach"" beach Florida seaside outdoor sea"
TaranRampersad,https://www.flickr.com/photos/knowprose/21633657459/,(c) All Rights Reserved,Sun Sep 20 07:03:44 GMT-0400 2015,Tue Sep 29 17:27:06 GMT-0400 2015,0,0,024,(no description),(no tags
TaranRampersad,https://www.flickr.com/photos/knowprose/6497172661/,(c) All Rights Reserved,Sun Dec 11 11:25:29 GMT-0500 2011,Sun Dec 11 23:33:23 GMT-0500 2011,12,0,024,(no description),(no tags
TaranRampersad,https://www.flickr.com/photos/knowprose/8919490443/,(c) All Rights Reserved,Sat Jun 1 15:57:55 GMT-0400 2013,Sun Jun 2 00:13:12 GMT-0400 2013,57,0,024,(no description),"""Ride The Ducks"" ""Wisconsin Dells"" Dells"
TaranRampersad,https://www.flickr.com/photos/knowprose/19218356398/,(c) All Rights Reserved,Sat Jun 6 05:12:03 GMT-0400 2015,Sat Jul 4 09:11:40 GMT-0400 2015,38,0,025,(no description),"Sunrise ""New Smyrna Beach"" beach Florida seaside outdoor sea"
TaranRampersad,https://www.flickr.com/photos/knowprose/21830078681/,(c) All Rights Reserved,Sun Sep 20 07:03:44 GMT-0400 2015,Tue Sep 29 17:27:26 GMT-0400 2015,0,0,025,(no description),(no tags
TaranRampersad,https://www.flickr.com/photos/knowprose/8920108084/,(c) All Rights Reserved,Sat Jun 1 15:58:00 GMT-0400 2013,Sun Jun 2 00:13:28 GMT-0400 2013,62,0,025,(no description),"""Ride The Ducks"" ""Wisconsin Dells"" Dells"
TaranRampersad,https://www.flickr.com/photos/knowprose/21808730252/,(c) All Rights Reserved,Sun Sep 20 07:03:46 GMT-0400 2015,Tue Sep 29 17:27:47 GMT-0400 2015,0,0,026,(no description),(no tags
TaranRampersad,https://www.flickr.com/photos/knowprose/19410078331/,(c) All Rights Reserved,Sat Jun 6 05:12:47 GMT-0400 2015,Sat Jul 4 09:11:40 GMT-0400 2015,27,0,027,(no description),"Sunrise ""New Smyrna Beach"" beach Florida seaside outdoor sea"
TaranRampersad,https://www.flickr.com/photos/knowprose/21794420866/,(c) All Rights Reserved,Sun Sep 20 07:03:46 GMT-0400 2015,Tue Sep 29 17:28:14 GMT-0400 2015,0,0,027,(no description),(no tags
TaranRampersad,https://www.flickr.com/photos/knowprose/19399706982/,(c) All Rights Reserved,Wed Jun 10 05:05:02 GMT-0400 2015,Sat Jul 4 09:11:41 GMT-0400 2015,22,0,028,(no description),"Sunrise ""New Smyrna Beach"" beach Florida seaside outdoor sea"
TaranRampersad,https://www.flickr.com/photos/knowprose/21820560315/,(c) All Rights Reserved,Sun Sep 20 07:03:47 GMT-0400 2015,Tue Sep 29 17:28:39 GMT-0400 2015,0,0,028,(no description),(no tags
TaranRampersad,https://www.flickr.com/photos/knowprose/8920109618/,(c) All Rights Reserved,Sat Jun 1 15:58:14 GMT-0400 2013,Sun Jun 2 00:13:43 GMT-0400 2013,58,0,028,(no description),"""Ride The Ducks"" ""Wisconsin Dells"" Dells"
TaranRampersad,https://www.flickr.com/photos/knowprose/18785288783/,(c) All Rights Reserved,Wed Jun 10 05:06:38 GMT-0400 2015,Sat Jul 4 09:11:42 GMT-0400 2015,34,0,029,(no description),"Sunrise ""New Smyrna Beach"" beach Florida seaside outdoor sea"
TaranRampersad,https://www.flickr.com/photos/knowprose/21830894701/,(c) All Rights Reserved,Sun Sep 20 07:03:47 GMT-0400 2015,Tue Sep 29 18:09:01 GMT-0400 2015,0,0,029,(no description),(no tags
TaranRampersad,https://www.flickr.com/photos/knowprose/19218307370/,(c) All Rights Reserved,Wed Jun 10 05:07:46 GMT-0400 2015,Sat Jul 4 09:11:42 GMT-0400 2015,34,0,030,(no description),"Sunrise ""New Smyrna Beach"" beach Florida seaside outdoor sea"
TaranRampersad,https://www.flickr.com/photos/knowprose/21197825134/,(c) All Rights Reserved,Sun Sep 20 07:03:47 GMT-0400 2015,Tue Sep 29 17:29:26 GMT-0400 2015,0,0,030,(no description),(no tags
TaranRampersad,https://www.flickr.com/photos/knowprose/19405902435/,(c) All Rights Reserved,Wed Jun 10 05:08:09 GMT-0400 2015,Sat Jul 4 09:11:42 GMT-0400 2015,36,0,031,(no description),"Sunrise ""New Smyrna Beach"" beach Florida seaside outdoor sea"
TaranRampersad,https://www.flickr.com/photos/knowprose/21197830944/,(c) All Rights Reserved,Sun Sep 20 07:03:52 GMT-0400 2015,Tue Sep 29 17:29:44 GMT-0400 2015,0,0,031,(no description),(no tags
TaranRampersad,https://www.flickr.com/photos/knowprose/5876514796/,(c) All Rights Reserved,Sun Jun 26 09:54:18 GMT-0400 2011,Mon Jun 27 04:42:13 GMT-0400 2011,90,0,031,(no description),"""quiscalus lugubris"" ""carib grackle"" Blanchisseuse Trinidad ""Trinidad and Tobago"" ""laguna mar"" Caribbean ""West Indies"""
TaranRampersad,https://www.flickr.com/photos/knowprose/8920111864/,(c) All Rights Reserved,Sat Jun 1 15:59:59 GMT-0400 2013,Sun Jun 2 00:14:02 GMT-0400 2013,61,0,031,(no description),"""Ride The Ducks"" ""Wisconsin Dells"" Dells"
TaranRampersad,https://www.flickr.com/photos/knowprose/19379809386/,(c) All Rights Reserved,Wed Jun 10 05:08:21 GMT-0400 2015,Sat Jul 4 09:11:43 GMT-0400 2015,38,0,032,(no description),"Sunrise ""New Smyrna Beach"" beach Florida seaside outdoor sea"
TaranRampersad,https://www.flickr.com/photos/knowprose/21794458296/,(c) All Rights Reserved,Sun Sep 20 07:03:52 GMT-0400 2015,Tue Sep 29 17:30:08 GMT-0400 2015,0,0,032,(no description),(no tags
TaranRampersad,https://www.flickr.com/photos/knowprose/8920113458/,(c) All Rights Reserved,Sat Jun 1 16:00:05 GMT-0400 2013,Sun Jun 2 00:14:16 GMT-0400 2013,58,0,032,(no description),"""Ride The Ducks"" ""Wisconsin Dells"" Dells"
TaranRampersad,https://www.flickr.com/photos/knowprose/21197847024/,(c) All Rights Reserved,Sun Sep 20 07:03:52 GMT-0400 2015,Tue Sep 29 17:30:32 GMT-0400 2015,0,0,033,(no description),(no tags
TaranRampersad,https://www.flickr.com/photos/knowprose/18785253603/,(c) All Rights Reserved,Wed Jun 10 05:08:46 GMT-0400 2015,Sat Jul 4 09:11:44 GMT-0400 2015,43,0,034,(no description),"Sunrise ""New Smyrna Beach"" beach Florida seaside outdoor sea"
TaranRampersad,https://www.flickr.com/photos/knowprose/21794473926/,(c) All Rights Reserved,Sun Sep 20 07:03:52 GMT-0400 2015,Tue Sep 29 17:30:58 GMT-0400 2015,0,0,034,(no description),(no tags
TaranRampersad,https://www.flickr.com/photos/knowprose/5875952911/,(c) All Rights Reserved,Sun Jun 26 10:26:17 GMT-0400 2011,Mon Jun 27 04:41:36 GMT-0400 2011,51,0,034,(no description),"""quiscalus lugubris"" ""carib grackle"" Blanchisseuse Trinidad ""Trinidad and Tobago"" ""laguna mar"" Caribbean ""West Indies"""
TaranRampersad,https://www.flickr.com/photos/knowprose/19218275720/,(c) All Rights Reserved,Wed Jun 10 05:09:15 GMT-0400 2015,Sat Jul 4 09:11:44 GMT-0400 2015,37,0,035,(no description),"Sunrise ""New Smyrna Beach"" beach Florida seaside outdoor sea"
TaranRampersad,https://www.flickr.com/photos/knowprose/21808799842/,(c) All Rights Reserved,Sun Sep 20 07:03:52 GMT-0400 2015,Tue Sep 29 17:31:20 GMT-0400 2015,0,0,035,(no description),(no tags
TaranRampersad,https://www.flickr.com/photos/knowprose/5876514334/,(c) All Rights Reserved,Sun Jun 26 10:40:37 GMT-0400 2011,Mon Jun 27 04:41:59 GMT-0400 2011,9,0,035,(no description),(no tags
TaranRampersad,https://www.flickr.com/photos/knowprose/19218274618/,(c) All Rights Reserved,Wed Jun 10 05:09:26 GMT-0400 2015,Sat Jul 4 09:11:45 GMT-0400 2015,81,0,036,(no description),"Sunrise ""New Smyrna Beach"" beach Florida seaside outdoor sea"
TaranRampersad,https://www.flickr.com/photos/knowprose/2056549390/,(c) All Rights Reserved,Thu Nov 22 02:22:33 GMT-0500 2007,Thu Nov 22 22:44:33 GMT-0500 2007,"Latitude:27.784416, Longitude:-82.663536",7,+---------+,+---------------+,+--------+
TaranRampersad,https://www.flickr.com/photos/knowprose/21632743328/,(c) All Rights Reserved,Sun Sep 20 07:04:01 GMT-0400 2015,Tue Sep 29 17:31:46 GMT-0400 2015,0,0,036,(no description),(no tags
TaranRampersad,https://www.flickr.com/photos/knowprose/21633356268/,(c) All Rights Reserved,Sun Sep 20 07:04:01 GMT-0400 2015,Tue Sep 29 18:02:58 GMT-0400 2015,0,0,036_37_38_39_40Enhancer,(no description),(no tags
TaranRampersad,https://www.flickr.com/photos/knowprose/6497182359/,(c) All Rights Reserved,Sun Dec 11 13:44:19 GMT-0500 2011,Sun Dec 11 23:35:40 GMT-0500 2011,38,0,036,(no description),Chicago Church
TaranRampersad,https://www.flickr.com/photos/knowprose/8920115176/,(c) All Rights Reserved,Sat Jun 1 16:00:42 GMT-0400 2013,Sun Jun 2 00:14:30 GMT-0400 2013,59,0,036,(no description),"""Ride The Ducks"" ""Wisconsin Dells"" Dells"
TaranRampersad,https://www.flickr.com/photos/knowprose/19219658479/,(c) All Rights Reserved,Wed Jun 10 05:09:44 GMT-0400 2015,Sat Jul 4 09:11:45 GMT-0400 2015,51,0,037,(no description),"Sunrise ""New Smyrna Beach"" beach Florida seaside outdoor sea"
TaranRampersad,https://www.flickr.com/photos/knowprose/2056549982/,(c) All Rights Reserved,Thu Nov 22 02:23:43 GMT-0500 2007,Thu Nov 22 22:44:57 GMT-0500 2007,"Latitude:27.784416, Longitude:-82.663536",6,+---------+,+---------------+,+--------+
TaranRampersad,https://www.flickr.com/photos/knowprose/2076150478/,(c) All Rights Reserved,Thu Nov 29 04:49:46 GMT-0500 2007,Fri Nov 30 09:58:19 GMT-0500 2007,"Latitude:10.264586, Longitude:-61.462669",19,+---------+,+---------------+,+--------+
TaranRampersad,https://www.flickr.com/photos/knowprose/21820630905/,(c) All Rights Reserved,Sun Sep 20 07:04:01 GMT-0400 2015,Tue Sep 29 17:32:13 GMT-0400 2015,0,0,037,(no description),(no tags
TaranRampersad,https://www.flickr.com/photos/knowprose/4916387598/,(c) All Rights Reserved,Sat Aug 21 21:59:52 GMT-0400 2010,Sun Aug 22 10:28:51 GMT-0400 2010,"Latitude:42.523482, Longitude:-89.059209",18,+---------+,+---------------+,+--------+
TaranRampersad,https://www.flickr.com/photos/knowprose/8920116196/,(c) All Rights Reserved,Sat Jun 1 16:00:50 GMT-0400 2013,Sun Jun 2 00:14:39 GMT-0400 2013,60,0,037,(no description),"""Ride The Ducks"" ""Wisconsin Dells"" Dells"
TaranRampersad,https://www.flickr.com/photos/knowprose/19409984081/,(c) All Rights Reserved,Wed Jun 10 05:09:53 GMT-0400 2015,Sat Jul 4 09:11:45 GMT-0400 2015,54,0,038,(no description),"Sunrise ""New Smyrna Beach"" beach Florida seaside outdoor sea"
TaranRampersad,https://www.flickr.com/photos/knowprose/2055766021/,(c) All Rights Reserved,Thu Nov 22 02:26:30 GMT-0500 2007,Thu Nov 22 22:46:08 GMT-0500 2007,"Latitude:27.784416, Longitude:-82.663536",8,+---------+,+---------------+,+--------+
TaranRampersad,https://www.flickr.com/photos/knowprose/2076151818/,(c) All Rights Reserved,Thu Nov 29 04:50:05 GMT-0500 2007,Fri Nov 30 09:59:05 GMT-0500 2007,"Latitude:10.264586, Longitude:-61.462669",20,+---------+,+---------------+,+--------+
TaranRampersad,https://www.flickr.com/photos/knowprose/21830183321/,(c) All Rights Reserved,Sun Sep 20 07:04:01 GMT-0400 2015,Tue Sep 29 17:32:38 GMT-0400 2015,0,0,038,(no description),(no tags
TaranRampersad,https://www.flickr.com/photos/knowprose/5917265848/,(c) All Rights Reserved,Fri Jul 8 07:31:46 GMT-0400 2011,Fri Jul 8 20:54:52 GMT-0400 2011,52,0,038_39_40Enhancer,(no description),"Lexani dial tyre tire wheel mag rim ""Lynton Ramasir Ltd."" ""San Fernando"" Trinidad ""Trinidad and Tobago"" Caribbean ""West Indies"" automotive"
TaranRampersad,https://www.flickr.com/photos/knowprose/5916706939/,(c) All Rights Reserved,Fri Jul 8 07:31:46 GMT-0400 2011,Fri Jul 8 20:55:46 GMT-0400 2011,41,0,038_39_40Intensive,(no description),"Lexani dial tyre tire wheel mag rim ""Lynton Ramasir Ltd."" ""San Fernando"" Trinidad ""Trinidad and Tobago"" Caribbean ""West Indies"" automotive"
TaranRampersad,https://www.flickr.com/photos/knowprose/8919501575/,(c) All Rights Reserved,Sat Jun 1 16:01:44 GMT-0400 2013,Sun Jun 2 00:14:49 GMT-0400 2013,59,0,038,(no description),"""Ride The Ducks"" ""Wisconsin Dells"" Dells"
TaranRampersad,https://www.flickr.com/photos/knowprose/19218237128/,(c) All Rights Reserved,Wed Jun 10 05:10:05 GMT-0400 2015,Sat Jul 4 09:11:46 GMT-0400 2015,52,0,039,(no description),"Sunrise ""New Smyrna Beach"" beach Florida seaside outdoor sea"
TaranRampersad,https://www.flickr.com/photos/knowprose/2056554150/,(c) All Rights Reserved,Thu Nov 22 02:26:32 GMT-0500 2007,Thu Nov 22 22:47:14 GMT-0500 2007,"Latitude:27.784416, Longitude:-82.663536",7,+---------+,+---------------+,+--------+
TaranRampersad,https://www.flickr.com/photos/knowprose/21830191551/,(c) All Rights Reserved,Sun Sep 20 07:04:01 GMT-0400 2015,Tue Sep 29 17:33:03 GMT-0400 2015,0,0,039,(no description),(no tags
TaranRampersad,https://www.flickr.com/photos/knowprose/22120307315/,(c) All Rights Reserved,Sun Oct 4 07:35:38 GMT-0400 2015,Mon Oct 12 19:42:29 GMT-0400 2015,0,0,039,(no description),(no tags
TaranRampersad,https://www.flickr.com/photos/knowprose/2056554962/,(c) All Rights Reserved,Thu Nov 22 02:26:57 GMT-0500 2007,Thu Nov 22 22:47:38 GMT-0500 2007,"Latitude:27.784416, Longitude:-82.663536",6,+---------+,+---------------+,+--------+
TaranRampersad,https://www.flickr.com/photos/knowprose/21497481384/,(c) All Rights Reserved,Sun Oct 4 07:35:38 GMT-0400 2015,Mon Oct 12 19:42:56 GMT-0400 2015,0,0,040,(no description),(no tags
TaranRampersad,https://www.flickr.com/photos/knowprose/21632621740/,(c) All Rights Reserved,Sun Sep 20 07:04:01 GMT-0400 2015,Tue Sep 29 17:33:29 GMT-0400 2015,0,0,040,(no description),(no tags
TaranRampersad,https://www.flickr.com/photos/knowprose/8920120750/,(c) All Rights Reserved,Sat Jun 1 16:02:11 GMT-0400 2013,Sun Jun 2 00:15:20 GMT-0400 2013,54,0,040,(no description),"""Ride The Ducks"" ""Wisconsin Dells"" Dells"
TaranRampersad,https://www.flickr.com/photos/knowprose/2055769527/,(c) All Rights Reserved,Thu Nov 22 02:26:59 GMT-0500 2007,Thu Nov 22 22:48:05 GMT-0500 2007,"Latitude:27.784416, Longitude:-82.663536",10,+---------+,+---------------+,+--------+
TaranRampersad,https://www.flickr.com/photos/knowprose/21794530276/,(c) All Rights Reserved,Sun Sep 20 07:20:25 GMT-0400 2015,Tue Sep 29 17:33:52 GMT-0400 2015,0,0,041,(no description),(no tags
TaranRampersad,https://www.flickr.com/photos/knowprose/22098754706/,(c) All Rights Reserved,Sun Oct 4 07:35:38 GMT-0400 2015,Mon Oct 12 23:36:59 GMT-0400 2015,0,0,041,(no description),(no tags
TaranRampersad,https://www.flickr.com/photos/knowprose/4964814502/,(c) All Rights Reserved,Sat Sep 4 04:21:26 GMT-0400 2010,Mon Sep 6 14:28:16 GMT-0400 2010,"Latitude:43.100481, Longitude:-90.136127",106,+---------+,+---------------+,+--------+
TaranRampersad,https://www.flickr.com/photos/knowprose/8919506373/,(c) All Rights Reserved,Sat Jun 1 16:02:12 GMT-0400 2013,Sun Jun 2 00:15:33 GMT-0400 2013,48,0,041,(no description),"""Ride The Ducks"" ""Wisconsin Dells"" Dells"
TaranRampersad,https://www.flickr.com/photos/knowprose/2056557596/,(c) All Rights Reserved,Thu Nov 22 02:27:46 GMT-0500 2007,Thu Nov 22 22:49:13 GMT-0500 2007,"Latitude:27.784416, Longitude:-82.663536",4,+---------+,+---------------+,+--------+
TaranRampersad,https://www.flickr.com/photos/knowprose/21199598873/,(c) All Rights Reserved,Sun Sep 20 07:20:25 GMT-0400 2015,Tue Sep 29 17:34:19 GMT-0400 2015,0,0,042,(no description),(no tags
TaranRampersad,https://www.flickr.com/photos/knowprose/21932450268/,(c) All Rights Reserved,Sun Oct 4 07:35:38 GMT-0400 2015,Mon Oct 12 19:43:53 GMT-0400 2015,0,0,042,(no description),(no tags
TaranRampersad,https://www.flickr.com/photos/knowprose/2056559468/,(c) All Rights Reserved,Thu Nov 22 02:27:49 GMT-0500 2007,Thu Nov 22 22:50:17 GMT-0500 2007,"Latitude:27.784416, Longitude:-82.663536",5,+---------+,+---------------+,+--------+
TaranRampersad,https://www.flickr.com/photos/knowprose/21633806549/,(c) All Rights Reserved,Sun Sep 20 07:20:25 GMT-0400 2015,Tue Sep 29 17:34:40 GMT-0400 2015,0,0,043,(no description),(no tags
TaranRampersad,https://www.flickr.com/photos/knowprose/21938047039/,(c) All Rights Reserved,Sun Oct 4 07:35:45 GMT-0400 2015,Mon Oct 12 23:37:25 GMT-0400 2015,0,0,043,(no description),(no tags
TaranRampersad,https://www.flickr.com/photos/knowprose/19399590812/,(c) All Rights Reserved,Wed Jun 10 05:13:01 GMT-0400 2015,Sat Jul 4 09:11:46 GMT-0400 2015,56,0,044,(no description),"Sunrise ""New Smyrna Beach"" beach Florida seaside outdoor sea"
TaranRampersad,https://www.flickr.com/photos/knowprose/2056561342/,(c) All Rights Reserved,Thu Nov 22 02:27:52 GMT-0500 2007,Thu Nov 22 22:51:26 GMT-0500 2007,"Latitude:27.784416, Longitude:-82.663536",5,+---------+,+---------------+,+--------+
TaranRampersad,https://www.flickr.com/photos/knowprose/21197933854/,(c) All Rights Reserved,Sun Sep 20 07:20:25 GMT-0400 2015,Tue Sep 29 17:35:01 GMT-0400 2015,0,0,044,(no description),(no tags
TaranRampersad,https://www.flickr.com/photos/knowprose/21933431029/,(c) All Rights Reserved,Sun Oct 4 07:35:45 GMT-0400 2015,Mon Oct 12 19:44:49 GMT-0400 2015,0,0,044,(no description),(no tags
TaranRampersad,https://www.flickr.com/photos/knowprose/19380418116/,(c) All Rights Reserved,Wed Jun 10 05:13:10 GMT-0400 2015,Sat Jul 4 09:11:11 GMT-0400 2015,37,0,045,(no description),"Sunrise ""New Smyrna Beach"" beach Florida seaside outdoor sea"
TaranRampersad,https://www.flickr.com/photos/knowprose/2055777777/,(c) All Rights Reserved,Thu Nov 22 02:27:57 GMT-0500 2007,Thu Nov 22 22:52:47 GMT-0500 2007,"Latitude:27.784416, Longitude:-82.663536",8,+---------+,+---------------+,+--------+
TaranRampersad,https://www.flickr.com/photos/knowprose/21633819079/,(c) All Rights Reserved,Sun Sep 20 07:20:25 GMT-0400 2015,Tue Sep 29 17:35:18 GMT-0400 2015,0,0,045,(no description),(no tags
TaranRampersad,https://www.flickr.com/photos/knowprose/22135065641/,(c) All Rights Reserved,Sun Oct 4 07:35:45 GMT-0400 2015,Mon Oct 12 23:37:53 GMT-0400 2015,0,0,045,(no description),(no tags
TaranRampersad,https://www.flickr.com/photos/knowprose/18783963184/,(c) All Rights Reserved,Wed Jun 10 05:13:27 GMT-0400 2015,Sat Jul 4 09:11:12 GMT-0400 2015,38,0,046,(no description),"Sunrise ""New Smyrna Beach"" beach Florida seaside outdoor sea"
TaranRampersad,https://www.flickr.com/photos/knowprose/2056565618/,(c) All Rights Reserved,Thu Nov 22 02:28:00 GMT-0500 2007,Thu Nov 22 22:53:51 GMT-0500 2007,"Latitude:27.784416, Longitude:-82.663536",6,+---------+,+---------------+,+--------+
TaranRampersad,https://www.flickr.com/photos/knowprose/21820696865/,(c) All Rights Reserved,Sun Sep 20 07:20:31 GMT-0400 2015,Tue Sep 29 17:35:38 GMT-0400 2015,0,0,046,(no description),(no tags
TaranRampersad,https://www.flickr.com/photos/knowprose/22130445661/,(c) All Rights Reserved,Sun Oct 4 07:35:46 GMT-0400 2015,Mon Oct 12 19:45:43 GMT-0400 2015,0,0,046,(no description),(no tags
TaranRampersad,https://www.flickr.com/photos/knowprose/19400257752/,(c) All Rights Reserved,Wed Jun 10 05:13:54 GMT-0400 2015,Sat Jul 4 09:11:12 GMT-0400 2015,37,0,047,(no description),"Sunrise ""New Smyrna Beach"" beach Florida seaside outdoor sea"
TaranRampersad,https://www.flickr.com/photos/knowprose/21830249461/,(c) All Rights Reserved,Sun Sep 20 07:20:31 GMT-0400 2015,Tue Sep 29 17:35:55 GMT-0400 2015,0,0,047,(no description),(no tags
TaranRampersad,https://www.flickr.com/photos/knowprose/21932491258/,(c) All Rights Reserved,Sun Oct 4 07:35:46 GMT-0400 2015,Mon Oct 12 19:46:10 GMT-0400 2015,0,0,047,(no description),(no tags
TaranRampersad,https://www.flickr.com/photos/knowprose/8920123898/,(c) All Rights Reserved,Sat Jun 1 16:03:07 GMT-0400 2013,Sun Jun 2 00:15:47 GMT-0400 2013,86,0,047,(no description),"""Ride The Ducks"" ""Wisconsin Dells"" Dells"
TaranRampersad,https://www.flickr.com/photos/knowprose/18785845363/,(c) All Rights Reserved,Wed Jun 10 05:14:02 GMT-0400 2015,Sat Jul 4 09:11:13 GMT-0400 2015,35,0,048,(no description),"Sunrise ""New Smyrna Beach"" beach Florida seaside outdoor sea"
TaranRampersad,https://www.flickr.com/photos/knowprose/2055782617/,(c) All Rights Reserved,Thu Nov 22 02:28:23 GMT-0500 2007,Thu Nov 22 22:55:38 GMT-0500 2007,"Latitude:27.784416, Longitude:-82.663536",6,+---------+,+---------------+,+--------+
TaranRampersad,https://www.flickr.com/photos/knowprose/21808895222/,(c) All Rights Reserved,Sun Sep 20 07:20:31 GMT-0400 2015,Tue Sep 29 17:36:10 GMT-0400 2015,0,0,048,(no description),(no tags
TaranRampersad,https://www.flickr.com/photos/knowprose/22126431545/,(c) All Rights Reserved,Sun Oct 4 07:37:25 GMT-0400 2015,Tue Oct 13 01:00:04 GMT-0400 2015,0,0,048,(no description),(no tags
TaranRampersad,https://www.flickr.com/photos/knowprose/2056569918/,(c) All Rights Reserved,Thu Nov 22 02:28:26 GMT-0500 2007,Thu Nov 22 22:56:22 GMT-0500 2007,"Latitude:27.784416, Longitude:-82.663536",6,+---------+,+---------------+,+--------+
TaranRampersad,https://www.flickr.com/photos/knowprose/21632835168/,(c) All Rights Reserved,Sun Sep 20 07:20:31 GMT-0400 2015,Tue Sep 29 17:36:30 GMT-0400 2015,0,0,049,(no description),(no tags
TaranRampersad,https://www.flickr.com/photos/knowprose/22098790936/,(c) All Rights Reserved,Sun Oct 4 07:37:25 GMT-0400 2015,Mon Oct 12 23:38:47 GMT-0400 2015,0,0,049,(no description),(no tags
TaranRampersad,https://www.flickr.com/photos/knowprose/2055784971/,(c) All Rights Reserved,Thu Nov 22 02:28:37 GMT-0500 2007,Thu Nov 22 22:56:58 GMT-0500 2007,"Latitude:27.784416, Longitude:-82.663536",19,+---------+,+---------------+,+--------+
TaranRampersad,https://www.flickr.com/photos/knowprose/21503870173/,(c) All Rights Reserved,Sun Oct 4 07:37:25 GMT-0400 2015,Mon Oct 12 23:39:12 GMT-0400 2015,0,0,050,(no description),(no tags
TaranRampersad,https://www.flickr.com/photos/knowprose/21633847969/,(c) All Rights Reserved,Sun Sep 20 07:20:31 GMT-0400 2015,Tue Sep 29 17:36:47 GMT-0400 2015,0,0,050,(no description),(no tags
TaranRampersad,https://www.flickr.com/photos/knowprose/2056571652/,(c) All Rights Reserved,Thu Nov 22 02:28:40 GMT-0500 2007,Thu Nov 22 22:57:23 GMT-0500 2007,"Latitude:27.784416, Longitude:-82.663536",6,+---------+,+---------------+,+--------+
TaranRampersad,https://www.flickr.com/photos/knowprose/21632694280/,(c) All Rights Reserved,Sun Sep 20 07:20:34 GMT-0400 2015,Tue Sep 29 17:37:06 GMT-0400 2015,0,0,051,(no description),(no tags
TaranRampersad,https://www.flickr.com/photos/knowprose/22125003865/,(c) All Rights Reserved,Sun Oct 4 07:37:25 GMT-0400 2015,Mon Oct 12 23:39:37 GMT-0400 2015,0,0,051,(no description),(no tags
TaranRampersad,https://www.flickr.com/photos/knowprose/2055786795/,(c) All Rights Reserved,Thu Nov 22 02:28:43 GMT-0500 2007,Thu Nov 22 22:57:57 GMT-0500 2007,"Latitude:27.784416, Longitude:-82.663536",12,+---------+,+---------------+,+--------+
TaranRampersad,https://www.flickr.com/photos/knowprose/21634484159/,(c) All Rights Reserved,Sun Sep 20 07:20:34 GMT-0400 2015,Tue Sep 29 18:09:25 GMT-0400 2015,0,0,052,(no description),(no tags
TaranRampersad,https://www.flickr.com/photos/knowprose/21933499629/,(c) All Rights Reserved,Sun Oct 4 07:37:25 GMT-0400 2015,Mon Oct 12 19:48:26 GMT-0400 2015,0,0,052,(no description),(no tags
TaranRampersad,https://www.flickr.com/photos/knowprose/2055787467/,(c) All Rights Reserved,Thu Nov 22 02:28:46 GMT-0500 2007,Thu Nov 22 22:58:19 GMT-0500 2007,"Latitude:27.784416, Longitude:-82.663536",16,+---------+,+---------------+,+--------+
TaranRampersad,https://www.flickr.com/photos/knowprose/21199670783/,(c) All Rights Reserved,Sun Sep 20 07:20:34 GMT-0400 2015,Tue Sep 29 17:37:55 GMT-0400 2015,0,0,053,(no description),(no tags
TaranRampersad,https://www.flickr.com/photos/knowprose/22094243166/,(c) All Rights Reserved,Sun Oct 4 07:37:28 GMT-0400 2015,Mon Oct 12 19:48:49 GMT-0400 2015,0,0,053,(no description),(no tags
TaranRampersad,https://www.flickr.com/photos/knowprose/2056574296/,(c) All Rights Reserved,Thu Nov 22 02:28:51 GMT-0500 2007,Thu Nov 22 22:58:48 GMT-0500 2007,"Latitude:27.784416, Longitude:-82.663536",7,+---------+,+---------------+,+--------+
TaranRampersad,https://www.flickr.com/photos/knowprose/21499317013/,(c) All Rights Reserved,Sun Oct 4 07:37:28 GMT-0400 2015,Mon Oct 12 19:49:12 GMT-0400 2015,0,0,054,(no description),(no tags
TaranRampersad,https://www.flickr.com/photos/knowprose/21830296801/,(c) All Rights Reserved,Sun Sep 20 07:20:34 GMT-0400 2015,Tue Sep 29 17:38:17 GMT-0400 2015,0,0,054,(no description),(no tags
TaranRampersad,https://www.flickr.com/photos/knowprose/18783932124/,(c) All Rights Reserved,Thu Jun 18 05:30:46 GMT-0400 2015,Sat Jul 4 09:11:14 GMT-0400 2015,27,0,055,(no description),"Sunrise ""New Smyrna Beach"" beach Florida seaside outdoor sea"
TaranRampersad,https://www.flickr.com/photos/knowprose/2056575530/,(c) All Rights Reserved,Thu Nov 22 02:29:45 GMT-0500 2007,Thu Nov 22 22:59:25 GMT-0500 2007,"Latitude:27.784416, Longitude:-82.663536",6,+---------+,+---------------+,+--------+
TaranRampersad,https://www.flickr.com/photos/knowprose/21632723940/,(c) All Rights Reserved,Sun Sep 20 07:20:35 GMT-0400 2015,Tue Sep 29 17:38:37 GMT-0400 2015,0,0,055,(no description),(no tags
TaranRampersad,https://www.flickr.com/photos/knowprose/22107887392/,(c) All Rights Reserved,Sun Oct 4 07:37:28 GMT-0400 2015,Mon Oct 12 19:49:37 GMT-0400 2015,0,0,055,(no description),(no tags
TaranRampersad,https://www.flickr.com/photos/knowprose/19218840880/,(c) All Rights Reserved,Thu Jun 18 05:31:00 GMT-0400 2015,Sat Jul 4 09:11:14 GMT-0400 2015,23,0,056,(no description),"Sunrise ""New Smyrna Beach"" beach Florida seaside outdoor sea"
TaranRampersad,https://www.flickr.com/photos/knowprose/2056576074/,(c) All Rights Reserved,Thu Nov 22 02:29:56 GMT-0500 2007,Thu Nov 22 22:59:44 GMT-0500 2007,"Latitude:27.784416, Longitude:-82.663536",10,+---------+,+---------------+,+--------+
TaranRampersad,https://www.flickr.com/photos/knowprose/21794628736/,(c) All Rights Reserved,Sun Sep 20 07:20:41 GMT-0400 2015,Tue Sep 29 17:38:54 GMT-0400 2015,0,0,056,(no description),(no tags
TaranRampersad,https://www.flickr.com/photos/knowprose/21932265000/,(c) All Rights Reserved,Sun Oct 4 07:37:28 GMT-0400 2015,Mon Oct 12 19:50:03 GMT-0400 2015,0,0,056,(no description),(no tags
TaranRampersad,https://www.flickr.com/photos/knowprose/19218837658/,(c) All Rights Reserved,Thu Jun 18 05:31:15 GMT-0400 2015,Sat Jul 4 09:11:15 GMT-0400 2015,28,0,057,(no description),"Sunrise ""New Smyrna Beach"" beach Florida seaside outdoor sea"
TaranRampersad,https://www.flickr.com/photos/knowprose/2056576620/,(c) All Rights Reserved,Thu Nov 22 02:30:00 GMT-0500 2007,Thu Nov 22 23:00:03 GMT-0500 2007,"Latitude:27.784416, Longitude:-82.663536",8,+---------+,+---------------+,+--------+
TaranRampersad,https://www.flickr.com/photos/knowprose/21632890638/,(c) All Rights Reserved,Sun Sep 20 07:20:41 GMT-0400 2015,Tue Sep 29 17:39:18 GMT-0400 2015,0,0,057,(no description),(no tags
TaranRampersad,https://www.flickr.com/photos/knowprose/22130533011/,(c) All Rights Reserved,Sun Oct 4 07:37:28 GMT-0400 2015,Mon Oct 12 19:50:25 GMT-0400 2015,0,0,057,(no description),(no tags
TaranRampersad,https://www.flickr.com/photos/knowprose/15967707845/,(c) All Rights Reserved,Sun Dec 7 08:02:28 GMT-0500 2014,Sun Dec 7 10:48:28 GMT-0500 2014,63,0,058,Fiddling with the new Nikon.,(no tags
TaranRampersad,https://www.flickr.com/photos/knowprose/21198024694/,(c) All Rights Reserved,Sun Sep 20 07:20:41 GMT-0400 2015,Tue Sep 29 17:39:35 GMT-0400 2015,0,0,058,(no description),(no tags
TaranRampersad,https://www.flickr.com/photos/knowprose/21497628634/,(c) All Rights Reserved,Sun Oct 4 07:37:35 GMT-0400 2015,Mon Oct 12 19:50:51 GMT-0400 2015,0,0,058,(no description),(no tags
TaranRampersad,https://www.flickr.com/photos/knowprose/5916709497/,(c) All Rights Reserved,Fri Jul 8 07:42:20 GMT-0400 2011,Fri Jul 8 20:57:05 GMT-0400 2011,64,0,059And2more_fused,(no description),"Lexani dial tyre tire wheel mag rim ""Lynton Ramasir Ltd."" ""San Fernando"" Trinidad ""Trinidad and Tobago"" Caribbean ""West Indies"" automotive"
TaranRampersad,https://www.flickr.com/photos/knowprose/21820781915/,(c) All Rights Reserved,Sun Sep 20 07:20:42 GMT-0400 2015,Tue Sep 29 17:39:54 GMT-0400 2015,0,0,059,(no description),(no tags
TaranRampersad,https://www.flickr.com/photos/knowprose/22126439515/,(c) All Rights Reserved,Sun Oct 4 07:37:35 GMT-0400 2015,Tue Oct 13 01:00:30 GMT-0400 2015,0,0,059,(no description),(no tags
TaranRampersad,https://www.flickr.com/photos/knowprose/21199717893/,(c) All Rights Reserved,Sun Sep 20 07:20:42 GMT-0400 2015,Tue Sep 29 17:40:16 GMT-0400 2015,0,0,060,(no description),(no tags
TaranRampersad,https://www.flickr.com/photos/knowprose/22107926852/,(c) All Rights Reserved,Sun Oct 4 07:37:35 GMT-0400 2015,Mon Oct 12 19:51:42 GMT-0400 2015,0,0,060,(no description),(no tags
TaranRampersad,https://www.flickr.com/photos/knowprose/2056583586/,(c) All Rights Reserved,Thu Nov 22 02:31:03 GMT-0500 2007,Thu Nov 22 23:03:46 GMT-0500 2007,"Latitude:27.784416, Longitude:-82.663536",4,+---------+,+---------------+,+--------+
TaranRampersad,https://www.flickr.com/photos/knowprose/21820796745/,(c) All Rights Reserved,Sun Sep 20 07:20:47 GMT-0400 2015,Tue Sep 29 17:40:39 GMT-0400 2015,0,0,061,(no description),(no tags
TaranRampersad,https://www.flickr.com/photos/knowprose/22112457702/,(c) All Rights Reserved,Sun Oct 4 07:37:36 GMT-0400 2015,Mon Oct 12 23:40:31 GMT-0400 2015,0,0,061,(no description),(no tags
TaranRampersad,https://www.flickr.com/photos/knowprose/8920125016/,(c) All Rights Reserved,Sat Jun 1 16:06:27 GMT-0400 2013,Sun Jun 2 00:15:57 GMT-0400 2013,62,0,061,(no description),"""Ride The Ducks"" ""Wisconsin Dells"" Dells"
TaranRampersad,https://www.flickr.com/photos/knowprose/19380333826/,(c) All Rights Reserved,Thu Jun 25 05:16:13 GMT-0400 2015,Sat Jul 4 09:11:15 GMT-0400 2015,22,0,062,(no description),"Sunrise ""New Smyrna Beach"" beach Florida seaside outdoor sea"
TaranRampersad,https://www.flickr.com/photos/knowprose/2055800195/,(c) All Rights Reserved,Thu Nov 22 02:31:06 GMT-0500 2007,Thu Nov 22 23:05:01 GMT-0500 2007,"Latitude:27.784416, Longitude:-82.663536",6,+---------+,+---------------+,+--------+
TaranRampersad,https://www.flickr.com/photos/knowprose/21830350341/,(c) All Rights Reserved,Sun Sep 20 07:20:47 GMT-0400 2015,Tue Sep 29 17:40:59 GMT-0400 2015,0,0,062,(no description),(no tags
TaranRampersad,https://www.flickr.com/photos/knowprose/21936846300/,(c) All Rights Reserved,Sun Oct 4 07:37:36 GMT-0400 2015,Mon Oct 12 23:40:55 GMT-0400 2015,0,0,062,(no description),(no tags
TaranRampersad,https://www.flickr.com/photos/knowprose/8920126568/,(c) All Rights Reserved,Sat Jun 1 16:06:45 GMT-0400 2013,Sun Jun 2 00:16:11 GMT-0400 2013,43,0,062,(no description),"""Ride The Ducks"" Wisconsin ""Wisconsin Dells"""
